13803 Aspen Hollow Lane, Houston, TX 77082
2574 Marilee Lane #33, Houston, TX 77057
10179 Oakberry Street, Houston, TX 77042
12660 Ashford Point Drive #703, Houston, TX 77082
9545 Pagewood Lane, Houston, TX 77063
13803 Aspen Hollow Lane, Houston, TX 77082
2574 Marilee Lane #33, Houston, TX 77057
10179 Oakberry Street, Houston, TX 77042
12660 Ashford Point Drive #703, Houston, TX 77082
9545 Pagewood Lane, Houston, TX 77063
13803 Aspen Hollow Lane, Houston, TX 77082
2574 Marilee Lane #33, Houston, TX 77057
10179 Oakberry Street, Houston, TX 77042
12660 Ashford Point Drive #703, Houston, TX 77082
9545 Pagewood Lane, Houston, TX 77063
13803 Aspen Hollow Lane, Houston, TX 77082
2574 Marilee Lane #33, Houston, TX 77057
10179 Oakberry Street, Houston, TX 77042
12660 Ashford Point Drive #703, Houston, TX 77082
9545 Pagewood Lane, Houston, TX 77063
13803 Aspen Hollow Lane, Houston, TX 77082
2574 Marilee Lane #33, Houston, TX 77057
10179 Oakberry Street, Houston, TX 77042
12660 Ashford Point Drive #703, Houston, TX 77082
9545 Pagewood Lane, Houston, TX 77063
13803 Aspen Hollow Lane, Houston, TX 77082
2574 Marilee Lane #33, Houston, TX 77057
10179 Oakberry Street, Houston, TX 77042
12660 Ashford Point Drive #703, Houston, TX 77082
9545 Pagewood Lane, Houston, TX 77063
13803 Aspen Hollow Lane, Houston, TX 77082
2574 Marilee Lane #33, Houston, TX 77057
10179 Oakberry Street, Houston, TX 77042
12660 Ashford Point Drive #703, Houston, TX 77082
9545 Pagewood Lane, Houston, TX 77063
13803 Aspen Hollow Lane, Houston, TX 77082
2574 Marilee Lane #33, Houston, TX 77057
10179 Oakberry Street, Houston, TX 77042
12660 Ashford Point Drive #703, Houston, TX 77082
9545 Pagewood Lane, Houston, TX 77063
13803 Aspen Hollow Lane, Houston, TX 77082
2574 Marilee Lane #33, Houston, TX 77057
10179 Oakberry Street, Houston, TX 77042
12660 Ashford Point Drive #703, Houston, TX 77082
9545 Pagewood Lane, Houston, TX 77063
13803 Aspen Hollow Lane, Houston, TX 77082
2574 Marilee Lane #33, Houston, TX 77057
10179 Oakberry Street, Houston, TX 77042
12660 Ashford Point Drive #703, Houston, TX 77082
9545 Pagewood Lane, Houston, TX 77063
13803 Aspen Hollow Lane, Houston, TX 77082
2574 Marilee Lane #33, Houston, TX 77057
10179 Oakberry Street, Houston, TX 77042
12660 Ashford Point Drive #703, Houston, TX 77082
9545 Pagewood Lane, Houston, TX 77063
13803 Aspen Hollow Lane, Houston, TX 77082
2574 Marilee Lane #33, Houston, TX 77057
10179 Oakberry Street, Houston, TX 77042
12660 Ashford Point Drive #703, Houston, TX 77082
9545 Pagewood Lane, Houston, TX 77063
